{
    "alt_axis": [
        200,
        350,
        500,
        650,
        800,
        950,
        1100,
        1250,
        1400,
        1550,
        1700,
        1850,
        2000,
        2150,
        2300,
        2450,
        2600
    ],
    "years": [
        2008,
        2009,
        2010,
        2011,
        2012,
        2013,
        2014,
        2015,
        2016,
        2017,
        2018
    ],
    "months": [
        3
    ],
    "days": [
        1,
        2,
        3,
        4,
        5,
        6,
        7,
        8,
        9,
        10,
        11,
        12,
        13,
        14,
        15,
        16,
        17,
        18,
        19,
        20,
        21,
        22,
        23,
        24,
        25,
        26,
        27,
        28,
        29,
        30,
        31
    ],
    "location": "Hachijo-jima",
    "target_hour": 6,
    "MSM_init_hour": 15,
    "MSM_forecast_hour": 15,
    "mu4": [
        [
            -2.236438591058899,
            1.4441478597828379,
            2.521928040518565,
            -0.03649550795450607
        ],
        [
            -0.9495006987870194,
            0.8783163716117943,
            3.704321392740656,
            -0.6333095642080215
        ],
        [
            -0.4403994085343061,
            0.894268509851982,
            4.412048024741388,
            -0.5570173191389552
        ],
        [
            -0.34044195866457505,
            1.0486300117038683,
            4.734636154863264,
            -0.3169229552556585
        ],
        [
            -0.23730587868137606,
            1.1308889012479648,
            5.107224246100291,
            -0.11720272030449799
        ],
        [
            -0.09926458598169248,
            1.1405307443159385,
            5.6019999814984915,
            0.03801926990091252
        ],
        [
            0.10753861665403769,
            1.0952474319966712,
            6.243586829344933,
            0.16971239990577555
        ],
        [
            0.2584648829382289,
            1.034688801208268,
            6.889066434700593,
            0.2630501695971139
        ],
        [
            0.46997076617184286,
            0.9517980180396852,
            7.599251991258831,
            0.3369106495826785
        ],
        [
            0.5960713123472535,
            0.7098045298109892,
            8.33622783335128,
            0.25183246000033643
        ],
        [
            0.6163365203094486,
            0.48191700489301426,
            9.082986014082163,
            0.1458345323815928
        ],
        [
            0.7085022222705555,
            0.36044082571225833,
            9.901347941978056,
            0.14805266573157966
        ],
        [
            0.7304954398711686,
            0.29561139203967707,
            10.70805698364975,
            0.16875069569528423
        ],
        [
            0.6967131026850505,
            0.353454416571104,
            11.484816335800161,
            0.26888838515760893
        ],
        [
            0.6276969155634408,
            0.3975050414206238,
            12.223779896470164,
            0.35433871284278334
        ],
        [
            0.5359260630544381,
            0.45775824874096604,
            12.939988791752773,
            0.4559916229987801
        ],
        [
            0.4315733416339352,
            0.5925581370346352,
            13.643615818123866,
            0.6321912141281031
        ]
    ],
    "sigma4": [
        [
            [
                16.11715673070234,
                -4.235487317883572,
                -4.148515207131107,
                4.518980159299533
            ],
            [
                -4.235487317883572,
                20.971910637774236,
                3.108364094839137,
                -3.288436979258071
            ],
            [
                -4.148515207131107,
                3.108364094839137,
                21.199511771590988,
                10.394238211970624
            ],
            [
                4.518980159299533,
                -3.288436979258071,
                10.394238211970624,
                21.939550818892187
            ]
        ],
        [
            [
                14.904518470855558,
                1.4344780678104947,
                7.961878834656737,
                9.810933514419942
            ],
            [
                1.4344780678104947,
                19.163752864207556,
                8.675782325520856,
                6.068207457122992
            ],
            [
                7.961878834656737,
                8.675782325520856,
                52.7990719060783,
                16.613748244438387
            ],
            [
                9.810933514419942,
                6.068207457122992,
                16.613748244438387,
                46.74824243310382
            ]
        ],
        [
            [
                15.023578071449263,
                3.5568017270002414,
                14.238045210830567,
                11.891407975481188
            ],
            [
                3.5568017270002414,
                19.102372005926163,
                9.296431934431702,
                12.03554560486454
            ],
            [
                14.238045210830567,
                9.296431934431702,
                68.098820118391,
                18.47959429561563
            ],
            [
                11.891407975481188,
                12.03554560486454,
                18.47959429561563,
                61.370398082946174
            ]
        ],
        [
            [
                14.742574424516194,
                3.3301209955430178,
                15.136751868960246,
                11.834120100392871
            ],
            [
                3.3301209955430178,
                17.26935693776462,
                6.748052248896744,
                12.102510930616734
            ],
            [
                15.136751868960246,
                6.748052248896744,
                71.81564253668732,
                17.016081415505596
            ],
            [
                11.834120100392871,
                12.102510930616734,
                17.016081415505596,
                64.1782984746762
            ]
        ],
        [
            [
                14.812308171663961,
                2.8441605664050087,
                14.879961731069974,
                11.51048990104014
            ],
            [
                2.8441605664050087,
                16.512303359991368,
                3.5617747306357463,
                11.498705532400583
            ],
            [
                14.879961731069974,
                3.5617747306357463,
                72.41520430639278,
                14.973282730917791
            ],
            [
                11.51048990104014,
                11.498705532400583,
                14.973282730917791,
                63.699502300656015
            ]
        ],
        [
            [
                15.09708118393217,
                2.093263353265962,
                14.006540867457645,
                11.124846462317722
            ],
            [
                2.093263353265962,
                15.408929366795522,
                0.4372900227025919,
                10.28153078188857
            ],
            [
                14.006540867457645,
                0.4372900227025919,
                70.7050972074507,
                13.05756027204823
            ],
            [
                11.124846462317722,
                10.28153078188857,
                13.05756027204823,
